{
  "dataset": "TatQA增强版",
  "total_samples": 927,
  "found_samples": 495,
  "recall": 0.5339805825242718,
  "mrr": 0.3332950103690132,
  "hit_at_1": 0.2772384034519957,
  "hit_at_3": 0.35275080906148865,
  "hit_at_5": 0.389428263214671,
  "hit_at_10": 0.459546925566343,
  "mode": "CPU",
  "enhanced_evaluation": true,
  "knowledge_base_size": 4007,
  "training_docs": 3514,
  "eval_docs": 493,
  "index_path": "models/embedding_cache/finetuned_finbert_tatqa_complete.faiss"
}