{
  "dataset": "TatQA增强版",
  "total_samples": 102,
  "found_samples": 51,
  "recall": 0.5,
  "mrr": 0.29064144776219075,
  "hit_at_1": 0.22549019607843138,
  "hit_at_3": 0.3137254901960784,
  "hit_at_5": 0.35294117647058826,
  "hit_at_10": 0.43137254901960786,
  "mode": "CPU",
  "enhanced_evaluation": true,
  "knowledge_base_size": 4007,
  "training_docs": 3514,
  "eval_docs": 493,
  "index_path": "models/embedding_cache/finetuned_finbert_tatqa_complete.faiss"
}